1502668800,4086.29000000,0,4086.29000000,0,4086.29000000,0,0,0,1,50
1503273600,4126.9663636,4.435307203239,4106.6281818,4.9525257509643,4088.5160697,5.4174650783812,29.8293333,0,2982.93333,99.966487186897
1503878400,4196.4415702,7.4500841860906,4143.2147107,8.8304689678558,4092.7007854,10.17370280489,52.3947555,0,5239.47555,99.98091776232
1504483200,4184.4285574,-1.2918982044609,4142.0470097,-0.28191398293294,4093.0756035,0.91115826123782,45.4087881,50.4946667,0.8992788955274,47.348438275448
1505088000,4096.3488197,-9.6759049862611,4101.8600088,-9.7972628987299,4089.164304,-9.5172087758692,39.354283,101.1460445,0.38908375700248,28.010100545851
1505692800,4017.016307,-8.8871012641373,4061.6927353,-9.8892939834931,4084.8942114,-10.401106844194,34.1070453,92.9892386,0.36678486471659,26.835596016982
1506297600,4082.7369785,7.2437441612674,4090.4915775,7.0404355330811,4087.815463,7.1105102378248,125.3541059,80.5906735,1.5554418452651,60.867824018267
1506902400,4184.0575279,10.897136787907,4140.4468886,12.065197908357,4093.3098365,13.355699552112,143.5095584,69.8452504,2.054678844705,67.263334352368
1507507200,4461.4997956,27.983643653448,4283.132626,33.31340629843,4109.3962063,38.949609951121,267.0402839,60.5325503,4.4115154999508,81.520888187254
1508112000,4732.1398328,25.736352057022,4434.6678418,34.170589822234,4127.7108709,44.148177672693,263.4389127,52.4615436,5.0215623602047,83.393014301259
1508716800,4993.5653177,23.558612082836,4592.4234925,34.35128554839,4148.0319568,48.744755687944,257.6417243,45.4666711,5.6666062869072,84.999864144311
1509321600,5421.1007145,35.489273983677,4842.6586295,51.673090381726,4179.8426836,75.724556065682,379.9601611,39.4044483,9.6425702551963,90.603773562014
1509926400,5491.9969482,5.8090536977549,4930.6923905,17.854239116521,4196.0734032,38.487329501157,329.2988063,238.6811885,1.379659655499,57.977183935141
1510531200,5954.906594,34.981126456272,5213.1749005,54.186271387693,4234.3015285,89.830600062331,582.3216321,206.85703,2.8150922987727,73.788314366033
1511136000,6531.8363042,39.746612972077,5569.0699095,63.905645796059,4282.9952446,113.12234729909,650.0147478,179.2760927,3.6257748482266,78.382000144616
1511740800,7374.3042489,51.409673687731,6077.8280995,83.707235828511,4351.4769835,156.58897064921,834.9981148,155.3726137,5.3741653365776,84.31167145506
1512345600,8742.6089309,70.429446378841,6879.8419086,116.57445327886,4456.4372125,234.34735618414,1221.6076995,134.6562652,9.0720450153997,90.071529679712
1512950400,10582.1382162,78.225039351003,7968.9490078,136.66885032819,4599.7564442,310.02214418942,1586.7320062,116.7020965,13.596431030697,93.149010207379
1513555200,11112.6585405,21.483081215889,8471.7718253,59.352733741999,4688.3160816,187.94986867423,1375.1677387,815.8111503,1.6856446963177,62.76499265256
1514160000,11586.0588059,18.386763176234,8948.5525685,53.280208111905,4778.1473644,187.06439868713,1220.6600402,707.0363303,1.7264459941996,63.322214996099
1514764800,12415.8717503,30.075683164251,9603.232335,68.172855103583,4891.3004255,230.17865588064,1382.3947015,612.7648196,2.2559955423068,69.287427239795
1515369600,12608.4387048,6.8727882610089,9955.2103045,35.356156101584,4976.710272,170.76098996184,1198.075408,887.7348437,1.3495870039375,57.439328770368
1515974400,12412.3589403,-7.1087127317531,10098.3730041,14.176808435564,5041.917135,128.68285398744,1038.3320203,1028.7021979,1.0093611371879,50.232938146723
1516579200,12315.5573148,-3.5370491457704,10260.3345492,15.78521093083,5109.957263,132.48628879971,946.5477509,891.5419048,1.06169743206,51.49627755995
1517184000,11564.5123485,-29.224771842095,10071.6504993,-18.734173703021,5140.5528126,59.220424308028,820.3413841,1265.3549842,0.64830928422718,39.331774105194
1517788800,10928.0337397,-26.209232218006,9889.1259085,-18.457100510078,5169.6406453,55.985310261968,710.9625329,1112.7649863,0.63891526212016,38.984032725013
1518393600,10829.0148779,-4.11473142224,9934.0626441,4.5235003240782,5221.5191463,98.858410915868,925.4408618,964.3963215,0.95960637879725,48.969343495719
1518998400,10603.7394456,-9.5602070458328,9902.7842219,-3.1585482919872,5264.9866175,82.146711790764,802.0487469,941.600812,0.85179275195867,45.998276592114
1519603200,10769.4231828,6.9230896079074,10049.3492926,14.584533433217,5327.1758054,116.15580976936,951.7755806,816.0540371,1.1663144072938,53.838648876032
1520208000,10544.7226041,-9.5891816415051,10002.460266,-4.687749348966,5369.030474,77.565950615612,824.8721699,971.4374988,0.84912531266185,45.920376885627
1520812800,10116.5894034,-19.043961621616,9837.6902418,-16.748852640216,5397.099723,51.747983553055,714.8892139,1021.056499,0.70014657817677,41.181542060191
1521417600,9817.2367846,-13.721649117327,9713.3684016,-12.79904509125,5427.6773377,56.054781318104,656.9253187,884.9156325,0.74235926519244,42.606555377111
1522022400,9271.0137329,-26.512782784231,9449.699456,-27.902363120404,5441.4617423,25.205511361737,569.3352762,987.8788815,0.57632093049253,36.561141791885
1522627200,8861.3748724,-20.802357410039,9228.6358691,-23.95409137879,5457.1486901,28.601956782515,520.755906,856.1616973,0.60824480660868,37.820411675465
1523232000,8769.3067138,-4.7245093292041,9149.2144265,-8.6806843678253,5485.9830315,52.297226441029,629.5884519,742.0068043,0.84849417586399,45.901912321006
1523836800,8772.5273113,0.16520539846404,9116.2876605,-3.6118612395996,5518.8291705,59.218916341342,603.2459916,643.0725637,0.93806830776475,48.402231438719
1524441600,8890.0678002,5.9496981540242,9143.8069641,3.0096111715881,5557.6368404,69.478508050952,607.0771927,557.3295552,1.0892607202253,52.136179543348
1525046400,9029.8754729,6.9672558496308,9190.6436037,5.0961218440833,5598.4465236,72.530182422622,558.1349003,483.0189478,1.1555134696933,53.607341635296
1525651200,8966.2090233,-3.1953194773342,9144.1950943,-5.0795623836759,5629.1058617,54.193405014037,483.7169136,549.1897548,0.88078284303784,46.830650667527
1526256000,8886.3492009,-4.0440589580207,9088.0846312,-6.1740691682568,5657.9404302,50.708196828763,419.2213251,496.3284542,0.84464495547755,45.789025848548
1526860800,8605.0111644,-14.712603391355,8929.0760284,-17.807957098165,5674.6672916,29.328991866424,363.3251484,588.5499936,0.61732249146354,38.169412391273
1527465600,8443.0564072,-8.6319026197492,8818.6382076,-12.523228435069,5694.9617464,35.457626293565,364.9177953,510.0766611,0.71541755020322,41.705155116226
1528070400,8137.9534241,-16.871114302941,8631.942916,-21.628420555695,5705.6087937,18.567364931675,316.2620893,568.635773,0.55617691379399,35.739954041473
1528675200,7830.9818924,-17.639829990421,8433.5490145,-23.524366919419,5713.0117908,12.893343059193,274.0938107,534.8683366,0.5124509939069,33.882155254707
1529280000,7522.9797301,-18.423680241414,8224.7691041,-25.3842883329,5717.2302804,7.3416619414293,237.5479693,505.2378917,0.47017053392553,31.980680001124
1529884800,7310.9488701,-13.050821268935,8054.9546401,-21.081988862434,5723.5942577,11.063253504529,235.1869067,437.8728395,0.53711234286318,34.942946451312
1530489600,7202.0672574,-6.8031474837529,7932.8769455,-15.388829977912,5733.4301357,17.069535010223,251.2006525,379.4897942,0.66194310450312,39.829468452293
1531094400,7047.6932106,-9.8568877764879,7789.2526777,-18.438773745418,5739.5951095,10.687424440179,217.7072322,376.7698216,0.57782555745967,36.621637590278
1531699200,7110.8017178,3.993758980638,7753.3924343,-4.6251036219138,5756.0647104,28.469542509471,327.5836012,326.5338454,1.0032148453056,50.080242149591
1532304000,7310.8377691,12.312709696618,7794.9931221,5.3368472734191,5780.4919272,42.046734143219,392.7337877,282.9959993,1.3877715185778,58.119946057669
1532908800,7258.7199929,-3.2310103314276,7724.920111,-9.0710337573872,5792.8670324,21.255847246503,340.3692827,403.5045327,0.84353273660264,45.756319909846
1533513600,7085.9218124,-10.973756597755,7596.1391918,-16.953470167979,5797.9960172,8.8019029555397,294.9867117,445.1519283,0.66266524515918,39.855602147727
1534118400,6975.3051192,-7.1362486757725,7494.4474471,-13.568944932605,5804.7575494,11.59001809937,278.2151501,385.7983379,0.72114139115891,41.8990208976
1534723200,6925.249643,-3.2525851718238,7422.2249519,-9.7305721206297,5813.6654345,15.245709879351,270.7824634,334.3585595,0.80985653187682,44.747001633163
1535328000,6993.7515261,4.4076269045248,7411.2963199,-1.4745911535956,5828.4748332,25.281659593115,314.9461349,289.7774182,1.0868553417873,52.081010121979
1535932800,6858.6712486,-8.8626678049932,7305.7975635,-14.440416043975,5832.6771732,7.1687976958718,272.9533169,391.3004291,0.69755435108466,41.091724140612
1536537600,6794.3673852,-4.2589305051464,7232.997785,-10.064952411706,5839.3669526,11.399061795622,270.4515413,339.1270386,0.79749330049438,44.366969283003
1537142400,6778.6642243,-1.0424505767181,7185.2707136,-6.6423483905295,5848.0100675,14.705684883809,261.4580025,293.9101001,0.88958495271527,47.078325398229
1537747200,6751.010729,-1.8432903456285,7134.4797396,-7.1190858778509,5855.7569325,13.163337829511,226.5969355,265.5794201,0.85321722373924,46.039784910789
1538352000,6726.3287783,-1.651254078723,7087.2779451,-6.6600738500223,5863.314177,12.824586919624,196.3840108,231.6768308,0.84766357568804,45.877593022982
1538956800,6655.9671822,-4.7570424182192,7019.2835865,-9.6867946439394,5868.0507524,8.0314446395551,170.199476,237.57592,0.71640036582832,41.738534906603
1539561600,6643.9931491,-0.81100548857879,6980.2678059,-5.5894389262576,5875.2354215,12.167590355341,180.9422125,205.8991307,0.87879056062474,46.774269524354
1540166400,6615.9816674,-1.9052602279888,6935.6916417,-6.427068340523,5881.3517855,10.34759076987,156.8165842,191.8032466,0.81759087491901,44.982118154364
1540771200,6592.3213642,-1.6150815216351,6894.796947,-5.9312398921035,5887.3666931,10.165551733026,135.9077063,166.7734804,0.81492396737197,44.901273112393
1541376000,6566.4102071,-1.7757070213787,6854.3435882,-5.9018574571666,5892.9631439,9.449352431067,117.7866788,149.3423497,0.78870246140235,44.093552640611
1541980800,6401.9719876,-11.558500865565,6745.9487165,-16.068143445098,5890.6650032,-3.8818198467538,102.0817883,234.4713697,0.43536994913541,30.331549674539
1542585600,5980.8461717,-31.685586241409,6504.1151968,-37.181616924464,5872.7059484,-30.427642114226,88.4708832,413.3711871,0.21402285877897,17.629228085065
1543190400,5649.9668678,-26.353373438095,6291.1056335,-33.858843859771,5855.6741479,-28.940547323791,86.7054321,358.2550288,0.24202153530245,19.486098141085
1543795200,5267.3128918,-32.691106968046,6041.4933032,-41.316329886154,5832.6860469,-39.215483715529,75.1447078,392.573025,0.19141587173495,16.066251615081
1544400000,4896.6505478,-34.063703985358,5785.7820938,-44.19648117305,5806.7754395,-44.398228696131,65.1254134,382.4566217,0.17028182989883,14.55049762787
1545004800,4720.8431755,-16.758302406777,5617.0482671,-30.03958995658,5788.0981714,-32.107060322208,149.9140249,331.4624055,0.4522806279459,31.142784613578
1545609600,4553.7644163,-16.510612925183,5452.0356974,-30.266230615235,5768.335105,-34.089994239334,129.9254882,304.3074181,0.42695471905093,29.920691480308
1546214400,4450.8254315,-10.407629744847,5318.9051795,-25.029684391274,5750.6163477,-30.657867628487,137.3607564,263.7330957,0.5208324576611,34.246537482642
1546819200,4273.7317167,-18.646975746885,5151.4419814,-32.508023723192,5727.9914089,-39.301410358301,119.0459889,296.6740163,0.40126867322152,28.636098193718
1547424000,4140.1950409,-14.514172278448,5004.8818013,-29.283444834188,5706.2131859,-37.974977718226,111.5025237,257.1174808,0.43366372194169,30.24863608562
1548028800,4033.0395789,-11.956232252784,4872.696183,-27.127818631741,5684.7666865,-37.537630023895,98.1768539,222.83515,0.44058064403215,30.583546006767
1548633600,3928.5069282,-11.973936581945,4744.0974391,-27.107104261837,5662.6108986,-38.930820748165,85.0866067,205.4877967,0.41407133691847,29.282209893372
1549238400,3883.3347594,-5.2345412382477,4647.3667628,-20.814082730523,5642.884024,-34.784057507683,103.3350591,178.0894238,0.58024253712028,36.718574743449
1549843200,3844.1066213,-4.5921364491264,4558.2952389,-19.540534173801,5623.2292576,-34.778045994779,89.5570512,156.0081673,0.57405360725624,36.469762186618
1550448000,3825.8254174,-2.1502658491904,4484.228399,-16.517187196914,5604.5260809,-33.204700166212,87.7467777,135.2070783,0.64898065103741,39.356474597147
1551052800,3822.5389779,-0.38688887112735,4422.7303627,-13.904993347245,5586.6477119,-31.841952520307,84.605874,117.1794679,0.72201961244782,41.92865210295
1551657600,3839.6809819,2.0089954989393,4376.7385115,-10.508247415091,5570.0325108,-29.680482252025,87.8677575,101.5555388,0.8652187614606,46.386985770134
1552262400,3865.4008034,2.9942353325481,4340.7750105,-8.285041487524,5554.2226351,-28.322282674787,84.7280565,88.0148003,0.9626569191909,49.048659996458
1552867200,3888.4515664,2.6676025618093,4309.084555,-7.3543359605762,5538.6799223,-27.921814295017,74.9029823,76.2794936,0.98195437285913,49.544751700948
1553472000,3927.6330998,4.4891387693259,4290.4359591,-4.3465503477441,5524.4040027,-25.712348372888,79.8185847,66.1088945,1.2073804183793,54.697432682028
1554076800,4153.5670817,24.477825885597,4370.4208719,18.301421111241,5520.8802813,-6.3506227890426,211.3521067,57.2943752,3.688880556987,78.672947884973
1554681600,4331.3367032,18.469201348604,4439.5917017,15.580448491133,5517.0038606,-6.9911834456837,183.1718258,54.8511252,3.3394360668466,76.955530981548
1555286400,4499.4827572,16.816538336306,4513.8233652,16.445407246615,5514.4082003,-4.6835161801397,175.394249,47.5376418,3.6895866593029,78.676159059429
1555891200,4646.3986195,14.228684076424,4585.9776047,15.733665915868,5512.3496112,-3.7158312815252,158.8590158,41.1992896,3.8558678400125,79.406358802437
1556496000,4851.7115978,19.042937395927,4694.1269134,23.039280925974,5514.9692171,4.7262418454089,200.091147,35.706051,5.6038442055662,84.857304792909
1557100800,5236.3658527,33.056211043915,4900.7799213,42.16737155893,5529.4203692,26.004346473807,332.3043274,30.9452442,10.738461950803,91.480996367402
1557705600,5765.8411522,41.323352220532,5196.025383,56.821404811832,5555.480664,46.674617244244,445.4864171,26.8192116,16.610720096634,94.321640486517
1558310400,6283.7663973,37.090233075842,5506.7894391,56.432892437011,5585.9179708,54.216908394132,448.2148948,23.2433167,19.283603135692,95.069909456864
1558915200,6727.8052342,29.700246904332,5799.4431265,50.462377329428,5617.1623691,55.344984293166,403.3262422,20.1442078,20.021946070274,95.243066476067
1559520000,6891.5006462,10.688954287571,5965.6873877,27.866740314412,5637.1719973,35.318383112199,349.5494099,163.8383134,2.1335022477105,68.086826785248
1560124800,7266.3787105,23.215845976516,6237.2912615,43.545164473317,5670.1685943,57.902359534784,479.6361552,141.9932049,3.37788104394,77.157899221948
1560729600,7928.1407631,37.561508125085,6661.7256923,63.712384804524,5722.2671157,90.590019296327,676.0500012,123.0607776,5.4936269247172,84.600285609362
1561334400,8460.1333516,28.297032078664,7042.8506294,54.115152672558,5773.3301295,88.0041459008,585.910001,113.5820073,5.158475492095,83.762215157248
1561939200,8995.7891059,26.7953246316,7439.5223904,53.319519741196,5829.3789839,95.668184063904,581.4073342,98.4377397,5.9063458382111,85.520562922476
1562544000,9210.0419957,10.468334506511,7688.1276276,32.336252632893,5872.6108348,73.247986052638,503.8863563,249.5873744,2.0188775875035,66.875106028166
1563148800,9460.843451,11.929238178872,7951.8842069,33.169066908838,5919.5445578,78.889607073683,492.0708421,216.3090578,2.2748508412208,69.464258114814
1563753600,9475.5155508,0.69679004636772,8096.3983699,17.84919125858,5955.5843134,60.211651752317,426.4613965,327.1891834,1.3034092144135,56.586090142276
1564358400,9739.8272688,12.211743579992,8353.9285181,30.827430188327,6005.0733252,81.999942517538,554.6252103,283.5639589,1.9559086861797,66.169455616965
1564963200,10068.944129,14.708849826015,8644.4777437,33.610963466445,6060.2464264,90.585814294372,563.4405156,245.755431,2.2926879512176,69.629675972477
1565568000,10112.1870146,1.9243412440756,8795.5961306,17.181142096129,6102.5004918,68.894373934903,488.3151135,378.7467069,1.2892920376703,56.318373385963
1566172800,10117.7330119,0.24666581012414,8918.0592096,13.732032515345,6142.7013824,65.117744923442,423.2064317,350.1258126,1.2087267389894,54.725046681983
1566777600,10046.3233734,-3.1986166625975,8991.4156451,8.1584967690796,6178.3459458,57.404264593034,366.7789075,359.1370376,1.0212784232756,50.52636052091
1567382400,10107.2063964,2.7106758569567,9117.7578592,13.856719604866,6220.1651901,66.895567605225,405.3683865,311.2520993,1.302379606151,56.566675741549
1567987200,10142.6252334,1.571435037106,9225.4171447,11.669855556814,6260.7805613,64.548332258763,351.3192683,280.3078194,1.2533338137052,55.621311235921
1568592000,10121.9424637,-0.91951188256386,9298.4583134,7.8551912799072,6298.2739886,59.232037509839,304.4766992,279.3521101,1.089938784035,52.151708574481
1569196800,9744.1020158,-17.449345389067,9184.4002849,-12.418669151161,6315.6426056,27.363445057319,263.879806,506.7784954,0.52070048037796,34.240830926057
1569801600,9400.4925584,-16.448527019133,9063.4775317,-13.341761233154,6330.9521319,24.061118080873,228.6958319,464.4840293,0.49236532899668,32.992278728942
1570406400,9195.859366,-10.013739111808,8991.7986652,-7.9715826820513,6350.2959913,30.309044040418,254.3043876,402.5528254,0.63172923292069,38.715322381639
1571011200,9019.0394813,-8.8223306145824,8921.9396956,-7.8300203703968,6368.9333446,29.116597003991,220.3971359,355.7671153,0.61949833591042,38.252483634826
1571616000,9111.9286665,4.5874078781672,8977.2115415,6.1569058047132,6400.3860476,48.89617484204,365.2215178,308.3314999,1.1845092633041,54.223128425307
1572220800,9126.979818,0.74208756182876,8996.9841286,2.1976905657915,6428.190266,43.037303183645,316.5253154,311.9166332,1.0147753653042,50.366675252206
1572825600,9111.068942,-0.78584568348446,9000.8464805,0.42910985743036,6454.1731489,40.056205364441,274.32194,291.0264154,0.94260151479019,48.522638719964
1573430400,9000.4018616,-5.5331069574206,8955.5331641,-5.0598122501123,6474.5535156,31.320252114899,237.7456813,323.8322267,0.73416313046647,42.335298079425
1574035200,8619.1069777,-19.907247724611,8768.9646946,-21.275997333515,6478.8194508,6.5515106945539,206.0462571,493.8705965,0.41720697397299,29.438676328511
1574640000,8395.7947999,-11.969144361555,8643.6851769,-14.493762223641,6487.8947796,13.918154518154,243.5880895,428.0211836,0.56910288283218,36.269315993159
1575244800,8234.7611999,-8.7999054533458,8540.6328881,-12.066118537139,6498.0660753,15.574540378204,227.0056776,370.9516925,0.61195482374029,37.96352197516
1575849600,8031.8209817,-11.370161060371,8411.3562619,-15.369296242459,6504.2404427,9.4453697201418,196.7382539,373.6941335,0.52646867120273,34.489320425287
1576454400,7935.3880759,-5.4685173774666,8328.6366017,-9.9319569487659,6514.1628264,15.15585655303,221.5531534,323.868249,0.68408420425307,40.620546319801
1577059200,7835.9066076,-5.7130161194853,8243.1460015,-10.371113181114,6522.8601117,13.266877925954,192.0127329,295.7791491,0.64917602706025,39.363658967166
1577664000,7749.1508608,-5.0379824552764,8162.746365,-9.8495816119848,6531.177424,12.671108473626,166.4110352,260.2739292,0.63936882080927,39.000913808624
1578268800,7828.3925225,4.5550536265921,8164.7676045,0.24755628670753,6547.633171,25.006697630098,254.3868972,225.5707386,1.1277477689653,53.00194813569
1578873600,7987.1757002,8.9458943513927,8213.5796405,5.9428456393501,6569.0666718,32.464784340751,289.3646442,195.4946401,1.4801666380827,59.680128558899
1579478400,8101.3255729,6.3406219448618,8250.0724005,4.4233260241193,6589.4242174,30.739799347738,250.7826916,180.9886881,1.3856263296491,58.082286920974
1580083200,8324.9954687,12.090271220978,8348.3849095,11.776230985484,6616.708653,41.029482925308,312.8796661,156.856863,1.9946826687462,66.607480303792
1580688000,8657.1326562,17.26457711988,8512.3271905,19.259396083008,6651.8831938,52.614676238785,380.5277106,135.9426146,2.79917898975,73.67852363108
1581292800,8886.2485369,11.602437843357,8640.0492641,14.782563118094,6684.3746048,48.364964358498,329.7906825,149.0809327,2.2121587014997,68.868287873413
1581897600,9077.1851666,9.4656528167072,8757.899331,13.456430868399,6716.7330664,47.935013968415,288.3692582,129.203475,2.2319001729636,69.058450246531
1582502400,8978.0387727,-4.9694458221395,8737.3521191,-2.3516520371296,6734.7942299,26.683603221634,249.9200238,299.2456783,0.83516669386767,45.509037225797
1583107200,8806.2699049,-8.777381493496,8673.3482901,-7.3793680213506,6747.7147848,19.052305205548,216.597354,325.8222545,0.66477151578362,39.931696901404
1583712000,8179.9117404,-34.457728027542,8372.252991,-35.963473562453,6733.9196128,-20.383664963729,187.7177068,638.6472872,0.2939301717275,22.716076813873
1584316800,7750.1441512,-24.953782968031,8139.8836282,-28.547012885415,6724.7879749,-13.511176535101,223.3406792,553.4943156,0.40351033950167,28.750079578676
1584921600,7410.3761237,-20.632638589154,7934.5687529,-25.875996753442,6716.3962538,-12.431908753561,202.2592553,479.6950735,0.42164130188842,29.658768448014
1585526400,7294.4495558,-7.1515959060298,7828.9515935,-13.490587863347,6716.9572861,0.83107144384436,294.1393546,415.7357304,0.70751521481445,41.435368111278
1586131200,7223.4205457,-4.4249195194688,7744.8459941,-10.85955737197,6718.8163181,2.753069486387,272.388774,360.3042997,0.75599645695818,43.052276897401
1586736000,7204.7513556,-1.1660548914669,7688.1090855,-7.3798261599861,6722.8155587,5.919014701884,264.9969375,312.2637264,0.84863182975197,45.905940603967
1587340800,7293.5420182,5.4782433665695,7688.562805,0.059012264256334,6732.4701303,14.268609456975,305.9786792,270.6285629,1.130622266627,53.065354865407
1587945600,7584.5634694,17.266603884107,7798.16255,14.054560198928,6753.9794822,31.687696467548,425.3228553,234.5447545,1.81339743115,64.455786127904
1588550400,7791.5101113,11.952238723908,7882.2177727,10.663905153842,6773.5694376,28.776564267283,368.6131413,226.1241206,1.6301363177087,61.979157001597
1589155200,8134.879182,18.994268795276,8045.656157,20.313866403277,6802.4895427,42.301431545573,447.1007225,195.9742379,2.2814260042085,69.525444160024
1589760000,8241.3266035,5.8123336150344,8106.9910518,7.5656793535478,6821.5726318,27.834745310026,387.4872928,297.8043395,1.3011472346258,56.543415173406
1590364800,8460.7708574,11.671503214584,8228.9255016,14.817785118639,6847.708924,37.977097228615,432.8796538,258.0970942,1.6771969290927,62.647499362743
1590969600,8694.6288833,12.103577171894,8366.9313651,16.494202888486,6876.5574919,41.742289095687,414.9917,223.6841483,1.8552575278755,64.976889466637
1591574400,8812.3509045,6.0114389592621,8455.5830592,10.484397522835,6901.0902532,35.371363903959,359.6594733,247.8449285,1.4511471970668,59.202776512294
1592179200,8900.0489219,4.4341450430562,8531.8655084,8.9408874395519,6924.9071661,34.221149497873,311.7048769,221.1202714,1.4096621486871,58.500406351785
1592784000,8939.3763906,1.9797086694559,8585.0004622,6.1892779172179,6946.7125674,31.23257816628,270.1442266,215.4162352,1.2540569486287,55.635548577938
1593388800,8963.018865,1.1870011276608,8629.0376929,5.1033767932471,6967.8339349,30.161110105879,234.1249964,192.9527372,1.2133800214367,54.82023013152
1593993600,9024.7881623,3.0799818533265,8690.2842663,7.0477065528809,6991.0669306,33.066241424206,234.0203302,167.2257056,1.3994279728726,58.323399939245
1594598400,9058.2794055,1.663788317332,8737.439333,5.396897752629,7013.1358169,31.310589733747,202.8176195,157.4302782,1.2883012201906,56.299459565174
1595203200,9217.054059,7.7517820382353,8845.9939391,12.271612080829,7042.1746645,41.02944719712,272.1152702,136.4395744,1.994401341375,66.60434303904
1595808000,9554.1987755,15.879418673918,9048.2990355,22.358356598989,7082.2659614,56.324968030591,387.8079008,118.2476311,3.2796251154667,76.633467347736
1596412800,9941.0135436,17.509949551579,9287.697305,25.775847515091,7128.0312752,63.883680486127,417.477514,102.4812803,4.0736953400454,80.29049966585
1597017600,10299.1928993,15.649838938443,9526.1793682,25.034387235673,7175.6230038,65.992555541063,392.3898455,88.8171096,4.4179533342977,81.542845825754
1597622400,10544.4541903,10.466884200752,9719.0839711,19.84802307127,7220.125561,61.328634822061,340.0711994,112.0241617,3.035695105764,75.221121175092
1598227200,10756.5825193,8.8743565066995,9900.1817919,18.292373273203,7264.8124708,61.203885813592,303.1323728,97.0876068,3.1222561024133,75.741439271214
1598832000,10665.6038794,-3.8385438277034,9932.5470835,3.2585087569094,7294.5775208,40.600329090412,262.7147231,278.1372592,0.94455062890761,48.574236888768
1599436800,10605.0995377,-2.5673454240775,9968.9364395,3.6502746577673,7324.8088888,41.066206052139,237.9034267,241.0522913,0.98693700614494,49.671278107593
1600041600,10662.4050763,2.4185436761655,10055.4222177,8.6009096741621,7360.5847208,48.361582866383,284.5096365,208.9119858,1.3618636355904,57.660553093277
1600646400,10682.740517,0.85661055657372,10120.7701979,6.4568188914673,7394.5515395,45.705252609931,246.5750183,200.527721,1.2296305820979,55.149520820661
1601251200,10679.8113321,-0.1234228928781,10170.3938163,4.8792228960169,7427.1095341,43.617512991109,213.6983492,188.1400249,1.1358473525959,53.180174660676
1601856000,10805.121999,5.2188027220071,10279.359833,10.600467195456,7466.3325238,52.270475012459,278.857236,163.0546882,1.7102067967402,63.102446602865
1602460800,10932.0343628,5.2241478415343,10390.6125755,10.707043655186,7506.4997624,53.242394779244,259.5589379,141.3140631,1.8367523529228,64.748420884548
1603065600,11313.2699332,15.164139783897,10630.4505232,22.561409524138,7561.448322,72.30601129803,428.3764128,122.472188,3.4977444250445,77.766633550102
1603670400,11758.4026726,17.035454416506,10915.0913847,26.077735082364,7623.1403785,80.522715268531,468.9488911,106.1425629,4.4181040883836,81.543359380193
1604275200,12434.165823,24.456278131461,11329.6376225,36.589540774608,7701.26933,100.94219974514,634.9023723,91.9902212,6.9018463486421,87.344729878583
1604880000,13074.6811279,22.045041434697,11750.3069295,35.800707979285,7783.4159038,105.01281438924,614.502056,79.7248584,7.7077848532121,88.516023111996
1605484800,14045.5445592,31.105133890578,12356.1362995,49.03064804121,7889.1971386,133.41323174576,860.2257819,69.0948773,12.449921260661,92.565012235983
1606089600,14798.171003,22.886740505387,12886.0320905,41.12171902324,7991.6428387,127.55008409458,745.529011,90.474227,8.240236316139,89.177765959801
1606694400,15627.4853661,23.880455149844,13474.5200823,43.674133711302,8104.7548503,138.86472024855,802.7131429,78.4109967,10.237252128948,91.101027292749
1607299200,16272.4862086,17.836879713353,13992.7446203,37.035231616976,8214.9064438,133.4170222288,695.6847238,92.5441971,7.5173241067537,88.259223349185
1607904000,17578.4923525,33.433058590284,14852.9969275,57.917759725464,8366.5543399,180.34862438102,1173.664094,80.2049708,14.633308662709,93.603401419526
1608508800,19160.8864702,37.163069364638,15891.9662977,65.377018222117,8544.8140977,207.57439190016,1393.9942148,69.5109747,20.054303954394,95.250377299738
1609113600,21677.0980211,52.234630151501,17447.2466343,89.141878324367,8788.1497783,275.50623091888,2103.9136528,60.2428447,34.923876242517,97.21633602886
1609718400,24672.1747445,54.627714804527,19329.3169403,97.368691908923,9080.307691,320.14016813343,2510.0544991,52.2104654,48.075696699306,97.962331526077
1610323200,26700.6175182,34.186447094634,20829.252673,72.011020090236,9346.4599528,283.33882754472,2175.3805659,354.7704033,6.1317983283416,85.978291113112
1610928000,27711.3961513,16.41383863832,21868.40243,47.518320568971,9574.4543811,236.93721559404,1885.3298238,783.2956829,2.4069197174941,70.64797286343
1611532800,28689.865942,15.347280000894,22888.8185727,44.581424746276,9808.4695614,237.39188150446,1745.0298473,678.8562585,2.5705439486642,71.993062839232
1612137600,30527.288498,27.085279790053,24334.8977934,59.424092631784,10096.8996155,284.23369031464,2272.7205343,588.3420907,3.8629235783487,79.436238635287
1612742400,33809.197862,43.682172520867,26538.7970849,83.044430554238,10479.7940472,363.53763996897,3273.9711297,509.8964786,6.4208545599083,86.524463026097
1613347200,38099.9927962,50.678689907064,29345.1400772,95.63229157868,10946.7470418,424.43497397707,4014.8789791,441.9102815,9.0852807621314,90.084559631152
1613952000,39379.2050151,14.618007099668,30780.6418884,46.63651318139,11286.9352304,299.89296543877,3479.5617819,2019.3769106,1.7230868411119,63.276969911408
1614556800,41486.9404669,22.862157166464,32616.1971713,56.27741558066,11681.8090092,336.33438930441,3793.7655443,1750.1266559,2.167709137799,68.431445044388
1615161600,44665.3712911,32.022433253006,35011.8437921,68.423892069647,12152.3214569,385.24317110224,4354.1381384,1516.7764351,2.8706525481542,74.164563014655
1615766400,46971.9510564,22.097461804678,37042.7270837,54.825425974743,12602.065124,355.09652136916,3773.5863866,1530.1062438,2.4662250754747,71.150171202802
1616371200,48572.9835916,14.832620678557,38745.9000761,43.957502317531,13031.6727347,328.01588971367,3270.4415351,1535.9494113,2.1292638358004,68.043602186576
1616976000,50323.7156659,15.655231792509,40514.6373419,43.656746841487,13481.1288269,331.72949941599,3157.6333304,1331.1561565,2.3720983559903,70.34487448376
1617580800,52083.4819085,15.204336963132,42286.2548563,41.895824550801,13944.027346,330.30918192521,2976.671553,1153.668669,2.5801788962339,72.068434874806
1618185600,52822.8506524,6.298712217359,43546.596233,28.942362566214,14363.9873724,290.90823838992,2579.7820126,1513.5021798,1.7045115937269,63.024747155105
1618790400,52139.9268974,-5.8940567819501,44048.4302118,11.392777822206,14709.2886921,233.57676925841,2235.8110776,2256.1338892,0.99099219612041,49.773786057596
1619395200,52946.8874615,6.8584249473408,45187.5011016,25.20765393242,15125.8948743,274.04867923636,2939.2282673,1955.3160373,1.5031985680221,60.051111694661
1620000000,53909.4242867,8.0346168979004,46374.1682742,25.588969392691,15554.8993034,274.42119594609,2769.015165,1694.6072323,1.6340159018688,62.03515706604
1620604800,52549.8016891,-11.642863516969,46379.3802493,0.11237698826471,15862.1291611,192.71921523542,2399.813143,3043.238268,0.78857221540433,44.089481465307
1621209600,49296.2468365,-29.700023381211,45313.5502266,-23.521220856236,16049.1253884,115.93232753386,2079.8380573,4207.6398323,0.49430040122115,33.079051629593
1621814400,46813.5237753,-23.865440740854,44434.2520242,-19.788747697184,16244.072101,119.41093205198,1933.9956497,3646.621188,0.5303527704123,34.655589264521
1622419200,44810.393998,-20.116056106095,43648.9845675,-17.990509161459,16438.6217318,117.75736788659,1696.8015631,3160.4050296,0.53689370419549,34.933691427706
1623024000,43757.6987256,-10.82581777279,43228.2196068,-9.733571368593,16663.3177345,134.17047326182,1900.462688,2739.0176923,0.69384827025493,40.962834891374
1623628800,42274.5098664,-15.788118862863,42534.7596425,-16.303370938932,16851.7440257,111.25504841343,1647.0676629,2829.87,0.5820294440734,36.790051301118
1624233600,40897.3880725,-15.15267444834,41822.539675,-17.029572403652,17029.3419956,103.76794364084,1427.4586412,2572.53,0.55488512911414,35.686567369145
1624838400,39877.228423,-11.512130116726,41228.3551591,-14.412035445437,17211.0053588,105.02294470531,1315.2868224,2229.526,0.58994011390762,37.104549331592
1625443200,38855.7305279,-11.830276938428,40594.7765083,-15.607393495576,17380.6370468,97.110093880636,1139.9152461,2069.2585333,0.55088101740583,35.520520995691
1626048000,37568.9722501,-15.412751276646,39793.3022803,-20.140932822928,17523.8999618,81.344107586059,987.9265466,2124.0813955,0.46510766898716,31.745630634006
1626652800,37171.1627501,-4.8159449897628,39392.1857094,-10.182643174438,17701.5827482,99.874895388085,1336.5310071,1840.8705428,0.72603204626606,42.063648113411
1627257600,37657.3949774,5.8103993223991,39433.3906449,1.0449249946842,17921.9196363,122.32796937274,1753.5828728,1595.4211371,1.0991347876884,52.361324967549
1627862400,38773.2086179,12.950079606726,39829.8433135,9.9536587560621,18179.3569534,140.90164526864,2046.2958231,1382.6983188,1.4799293492133,59.676270603546
1628467200,40264.2288692,16.663900735803,40479.2957395,16.044064358962,18465.8690235,154.38185411269,2197.3830467,1198.338543,1.8336913717212,64.710341783177
1629072000,41896.0454384,17.527130507811,41275.6524905,19.293619916325,18772.0715208,162.3004069926,2206.4519738,1038.5600706,2.1245299489757,67.9951859534
1629676800,43145.4608132,13.03119512651,41956.7595368,16.233547438825,19070.5367793,155.72342595482,1912.2583773,962.9373945,1.9858595047012,66.508805976118
